{
  "id": "2501801",
  "name": "播放器",
  "font_family": "font_family",
  "css_prefix_text": "icon-",
  "description": "",
  "glyphs": [
    {
      "icon_id": "15224865",
      "name": "menu-enabled",
      "font_class": "enabled",
      "unicode": "e614",
      "unicode_decimal": 58900
    },
    {
      "icon_id": "23406205",
      "name": "binding-01",
      "font_class": "binding-01",
      "unicode": "e628",
      "unicode_decimal": 58920
    },
    {
      "icon_id": "23406206",
      "name": "store-01",
      "font_class": "store-01",
      "unicode": "e629",
      "unicode_decimal": 58921
    },
    {
      "icon_id": "23406207",
      "name": "myimfromation-01",
      "font_class": "myimfromation-01",
      "unicode": "e632",
      "unicode_decimal": 58930
    },
    {
      "icon_id": "23406208",
      "name": "quit-01",
      "font_class": "quit-01",
      "unicode": "e634",
      "unicode_decimal": 58932
    },
    {
      "icon_id": "23406209",
      "name": "class-01",
      "font_class": "class-01",
      "unicode": "e636",
      "unicode_decimal": 58934
    },
    {
      "icon_id": "23406210",
      "name": "signin-01",
      "font_class": "signin-01",
      "unicode": "e637",
      "unicode_decimal": 58935
    },
    {
      "icon_id": "23406211",
      "name": "arrow-0806",
      "font_class": "arrow-0806",
      "unicode": "e638",
      "unicode_decimal": 58936
    },
    {
      "icon_id": "23406212",
      "name": "inform-01",
      "font_class": "inform-01",
      "unicode": "e63a",
      "unicode_decimal": 58938
    },
    {
      "icon_id": "23406213",
      "name": "unaware-01",
      "font_class": "unaware-01",
      "unicode": "e63b",
      "unicode_decimal": 58939
    },
    {
      "icon_id": "23406214",
      "name": "myvip-01",
      "font_class": "myvip-01",
      "unicode": "e63c",
      "unicode_decimal": 58940
    },
    {
      "icon_id": "23406215",
      "name": "new-01",
      "font_class": "new-01",
      "unicode": "e63d",
      "unicode_decimal": 58941
    },
    {
      "icon_id": "23406216",
      "name": "copylink-01",
      "font_class": "copylink-01",
      "unicode": "e63e",
      "unicode_decimal": 58942
    },
    {
      "icon_id": "23406217",
      "name": "ilike-01",
      "font_class": "ilike-01",
      "unicode": "e63f",
      "unicode_decimal": 58943
    },
    {
      "icon_id": "23406218",
      "name": "blacklist-01",
      "font_class": "blacklist-01",
      "unicode": "e640",
      "unicode_decimal": 58944
    },
    {
      "icon_id": "23406219",
      "name": "play-01",
      "font_class": "play-01",
      "unicode": "e641",
      "unicode_decimal": 58945
    },
    {
      "icon_id": "23406220",
      "name": "singer-01",
      "font_class": "singer-01",
      "unicode": "e642",
      "unicode_decimal": 58946
    },
    {
      "icon_id": "23406221",
      "name": "collect-01",
      "font_class": "collect-01",
      "unicode": "e643",
      "unicode_decimal": 58947
    },
    {
      "icon_id": "23406222",
      "name": "compile-01",
      "font_class": "compile-01",
      "unicode": "e644",
      "unicode_decimal": 58948
    },
    {
      "icon_id": "23406223",
      "name": "refuse-01",
      "font_class": "refuse-01",
      "unicode": "e645",
      "unicode_decimal": 58949
    },
    {
      "icon_id": "23406224",
      "name": "comment-01",
      "font_class": "comment-01",
      "unicode": "e647",
      "unicode_decimal": 58951
    },
    {
      "icon_id": "23406225",
      "name": "download-01",
      "font_class": "download-01",
      "unicode": "e648",
      "unicode_decimal": 58952
    },
    {
      "icon_id": "23406226",
      "name": "seealbum-01",
      "font_class": "seealbum-01",
      "unicode": "e649",
      "unicode_decimal": 58953
    },
    {
      "icon_id": "23406227",
      "name": "share-01",
      "font_class": "share-01",
      "unicode": "e64a",
      "unicode_decimal": 58954
    },
    {
      "icon_id": "23406228",
      "name": "next-01",
      "font_class": "next-01",
      "unicode": "e64b",
      "unicode_decimal": 58955
    },
    {
      "icon_id": "10680421",
      "name": "more read",
      "font_class": "more",
      "unicode": "e610",
      "unicode_decimal": 58896
    },
    {
      "icon_id": "5932779",
      "name": "ico-list",
      "font_class": "list3",
      "unicode": "e67a",
      "unicode_decimal": 59002
    },
    {
      "icon_id": "9351139",
      "name": "list",
      "font_class": "list2",
      "unicode": "e633",
      "unicode_decimal": 58931
    },
    {
      "icon_id": "10636099",
      "name": "list",
      "font_class": "list1",
      "unicode": "e60f",
      "unicode_decimal": 58895
    },
    {
      "icon_id": "14261406",
      "name": "性别-男",
      "font_class": "man",
      "unicode": "e899",
      "unicode_decimal": 59545
    },
    {
      "icon_id": "22781294",
      "name": "性别女",
      "font_class": "women",
      "unicode": "e646",
      "unicode_decimal": 58950
    },
    {
      "icon_id": "11246588",
      "name": "评论",
      "font_class": "pinglun",
      "unicode": "e624",
      "unicode_decimal": 58916
    },
    {
      "icon_id": "19858001",
      "name": "double arrows left",
      "font_class": "double-arrow",
      "unicode": "e60e",
      "unicode_decimal": 58894
    },
    {
      "icon_id": "9448829",
      "name": "empty",
      "font_class": "empty",
      "unicode": "e672",
      "unicode_decimal": 58994
    },
    {
      "icon_id": "22255442",
      "name": "最小化-0615",
      "font_class": "zuixiaohua-0615",
      "unicode": "e61a",
      "unicode_decimal": 58906
    },
    {
      "icon_id": "22255443",
      "name": "关闭-0615",
      "font_class": "guanbi-0615",
      "unicode": "e61b",
      "unicode_decimal": 58907
    },
    {
      "icon_id": "22255444",
      "name": "不知道-0615",
      "font_class": "buzhidao-0615",
      "unicode": "e61d",
      "unicode_decimal": 58909
    },
    {
      "icon_id": "22255445",
      "name": "消息-0615",
      "font_class": "mail",
      "unicode": "e61e",
      "unicode_decimal": 58910
    },
    {
      "icon_id": "22255446",
      "name": "换肤-0615",
      "font_class": "theme",
      "unicode": "e61f",
      "unicode_decimal": 58911
    },
    {
      "icon_id": "22255447",
      "name": "设置-0615",
      "font_class": "setting",
      "unicode": "e620",
      "unicode_decimal": 58912
    },
    {
      "icon_id": "22255448",
      "name": "全屏-0615",
      "font_class": "quanping-0615",
      "unicode": "e622",
      "unicode_decimal": 58914
    },
    {
      "icon_id": "14386752",
      "name": "User Settings",
      "font_class": "usersetting",
      "unicode": "e602",
      "unicode_decimal": 58882
    },
    {
      "icon_id": "8092861",
      "name": "music icon",
      "font_class": "musicicon",
      "unicode": "e694",
      "unicode_decimal": 59028
    },
    {
      "icon_id": "22013303",
      "name": "hot-0603",
      "font_class": "hot-0603",
      "unicode": "e619",
      "unicode_decimal": 58905
    },
    {
      "icon_id": "22013005",
      "name": "fangda-023",
      "font_class": "max",
      "unicode": "e617",
      "unicode_decimal": 58903
    },
    {
      "icon_id": "22012916",
      "name": "mic-0603",
      "font_class": "mic-0603",
      "unicode": "e616",
      "unicode_decimal": 58902
    },
    {
      "icon_id": "21901096",
      "name": "声音0528",
      "font_class": "volume",
      "unicode": "e635",
      "unicode_decimal": 58933
    },
    {
      "icon_id": "21893963",
      "name": "最小化0528",
      "font_class": "minimize",
      "unicode": "e623",
      "unicode_decimal": 58915
    },
    {
      "icon_id": "21893964",
      "name": "不知道叫什么0528",
      "font_class": "min",
      "unicode": "e625",
      "unicode_decimal": 58917
    },
    {
      "icon_id": "21893965",
      "name": "x0528",
      "font_class": "close",
      "unicode": "e626",
      "unicode_decimal": 58918
    },
    {
      "icon_id": "21893966",
      "name": "放大0528",
      "font_class": "zoom",
      "unicode": "e62e",
      "unicode_decimal": 58926
    },
    {
      "icon_id": "21893967",
      "name": "声音12345",
      "font_class": "shengyin12345",
      "unicode": "e62f",
      "unicode_decimal": 58927
    },
    {
      "icon_id": "21893968",
      "name": "声音关闭",
      "font_class": "mute",
      "unicode": "e630",
      "unicode_decimal": 58928
    },
    {
      "icon_id": "21893969",
      "name": "日期",
      "font_class": "date",
      "unicode": "e631",
      "unicode_decimal": 58929
    },
    {
      "icon_id": "21891452",
      "name": "like-2-01",
      "font_class": "like",
      "unicode": "e621",
      "unicode_decimal": 58913
    },
    {
      "icon_id": "20572176",
      "name": "网易云音乐",
      "font_class": "logo",
      "unicode": "e6c1",
      "unicode_decimal": 59073
    },
    {
      "icon_id": "286976",
      "name": "download",
      "font_class": "download",
      "unicode": "e651",
      "unicode_decimal": 58961
    },
    {
      "icon_id": "372151",
      "name": "cc-download",
      "font_class": "list-download",
      "unicode": "e639",
      "unicode_decimal": 58937
    },
    {
      "icon_id": "1040655",
      "name": "list",
      "font_class": "list",
      "unicode": "e6d8",
      "unicode_decimal": 59096
    },
    {
      "icon_id": "1621427",
      "name": "播放",
      "font_class": "play",
      "unicode": "e62c",
      "unicode_decimal": 58924
    },
    {
      "icon_id": "1621429",
      "name": "播放暂停",
      "font_class": "pause",
      "unicode": "e62d",
      "unicode_decimal": 58925
    },
    {
      "icon_id": "6956083",
      "name": "词",
      "font_class": "lrc",
      "unicode": "e667",
      "unicode_decimal": 58983
    },
    {
      "icon_id": "13707576",
      "name": "next",
      "font_class": "next",
      "unicode": "e618",
      "unicode_decimal": 58904
    },
    {
      "icon_id": "18963668",
      "name": "随机播放",
      "font_class": "random",
      "unicode": "e6a0",
      "unicode_decimal": 59040
    },
    {
      "icon_id": "18965480",
      "name": "单曲循环",
      "font_class": "cycle",
      "unicode": "e6a2",
      "unicode_decimal": 59042
    },
    {
      "icon_id": "18965481",
      "name": "列表循环",
      "font_class": "order",
      "unicode": "e6a3",
      "unicode_decimal": 59043
    },
    {
      "icon_id": "21615703",
      "name": "图标制作模版-01",
      "font_class": "tubiaozhizuomoban-01",
      "unicode": "e61c",
      "unicode_decimal": 58908
    },
    {
      "icon_id": "21615705",
      "name": "收藏2-01",
      "font_class": "shoucang2-01",
      "unicode": "e62a",
      "unicode_decimal": 58922
    },
    {
      "icon_id": "21615706",
      "name": "收藏-01",
      "font_class": "shoucang-01",
      "unicode": "e62b",
      "unicode_decimal": 58923
    },
    {
      "icon_id": "21287966",
      "name": "不知道是啥",
      "font_class": "sound",
      "unicode": "e627",
      "unicode_decimal": 58919
    },
    {
      "icon_id": "13333956",
      "name": "back-line",
      "font_class": "right",
      "unicode": "e600",
      "unicode_decimal": 58880
    },
    {
      "icon_id": "21206801",
      "name": "实心向下箭头",
      "font_class": "arrow-bottom",
      "unicode": "e611",
      "unicode_decimal": 58897
    },
    {
      "icon_id": "21206802",
      "name": "目录",
      "font_class": "playlist",
      "unicode": "e612",
      "unicode_decimal": 58898
    },
    {
      "icon_id": "21206803",
      "name": "搜索",
      "font_class": "search",
      "unicode": "e613",
      "unicode_decimal": 58899
    },
    {
      "icon_id": "21196435",
      "name": "音乐-01",
      "font_class": "local-music",
      "unicode": "e60c",
      "unicode_decimal": 58892
    },
    {
      "icon_id": "21142682",
      "name": "下载2-01",
      "font_class": "menu-playlist",
      "unicode": "e601",
      "unicode_decimal": 58881
    },
    {
      "icon_id": "21142684",
      "name": "我喜欢的音乐2-01",
      "font_class": "cardiac",
      "unicode": "e603",
      "unicode_decimal": 58883
    },
    {
      "icon_id": "21142685",
      "name": "云盘-01",
      "font_class": "cloud",
      "unicode": "e604",
      "unicode_decimal": 58884
    },
    {
      "icon_id": "21142686",
      "name": "我的电台-01",
      "font_class": "radio",
      "unicode": "e605",
      "unicode_decimal": 58885
    },
    {
      "icon_id": "21142687",
      "name": "mv",
      "font_class": "mv",
      "unicode": "e606",
      "unicode_decimal": 58886
    },
    {
      "icon_id": "21142688",
      "name": "我的收藏-01",
      "font_class": "collection",
      "unicode": "e607",
      "unicode_decimal": 58887
    },
    {
      "icon_id": "21142689",
      "name": "创建歌单-01",
      "font_class": "add",
      "unicode": "e608",
      "unicode_decimal": 58888
    },
    {
      "icon_id": "21142690",
      "name": "点赞-01",
      "font_class": "dianzan-01",
      "unicode": "e609",
      "unicode_decimal": 58889
    },
    {
      "icon_id": "21142691",
      "name": "sq-01",
      "font_class": "sq",
      "unicode": "e60a",
      "unicode_decimal": 58890
    },
    {
      "icon_id": "21142692",
      "name": "vip-01",
      "font_class": "vip",
      "unicode": "e60b",
      "unicode_decimal": 58891
    },
    {
      "icon_id": "21142694",
      "name": "我喜欢的音乐-01",
      "font_class": "unlike",
      "unicode": "e60d",
      "unicode_decimal": 58893
    }
  ]
}
